TIME1,V1,V2,V3,V4,V5,V6,V7,V8,V9,V14,V10,V11,V12,V13
0.0,1.62,1.6183075931279718,1.6183075931279718,1.6183075931279718,1.6064053551665791,1.6064053551665791,1.6064053551665791,1.6064053870293569,1.596177336215334,1.596177336215334,1.5961773361339289,1.62,1.62,1.6080875539438828
1e-07,1.6206283183653514,1.6183904253846704,1.6183904253846704,1.6183904253846704,1.605942702688442,1.605942702688442,1.605942702688442,1.6059427273755382,1.5947202099488735,1.5947202099488735,1.5957483911040675,1.62,1.62,1.6073591237031115
2e-07,1.621256635738502,1.618405121905594,1.618405121905594,1.618405121905594,1.6053437804915411,1.6053437804915411,1.6053437804915411,1.605343807523121,1.59369611053602,1.59369611053602,1.595144246079222,1.62,1.62,1.6068470305884364
4e-07,1.6225132635394095,1.6184117918385026,1.6184117918385026,1.6184117918385026,1.6041004981419085,1.6041004981419085,1.6041004981419085,1.6041005220102609,1.5909750843137225,1.5909750843137225,1.5934906407005576,1.62,1.62,1.6054865760753918
8e-07,1.625026463578365,1.618410689751882,1.618410689751882,1.618410689751882,1.6015851127404517,1.6015851127404517,1.6015851127404517,1.6015851421342897,1.5863537739980194,1.5863537739980194,1.589100182091649,1.62,1.62,1.6031758186294331
1.6e-06,1.6300524191627288,1.6184186628441906,1.6184186628441906,1.6184186628441906,1.5965751713658225,1.5965751713658225,1.5965751713658225,1.5965751933857193,1.5757872852013042,1.5757872852013042,1.5790584092946818,1.62,1.62,1.5978927108634116
3.2e-06,1.6401007746814766,1.618425930027307,1.618425930027307,1.618425930027307,1.586541607952747,1.586541607952747,1.586541607952747,1.5865416375813055,1.5562838589904429,1.5562838589904429,1.5590174939862984,1.62,1.62,1.5881408570045434
6.4e-06,1.6601690500666972,1.6184483092503932,1.6184483092503932,1.6184483092503932,1.5665190926076182,1.5665190926076182,1.5665190926076182,1.5665191124473266,1.515512945115296,1.515512945115296,1.5188038208667016,1.62,1.62,1.5677555816459203
1.24799999999e-05,1.698093113473714,1.61848412587661,1.61848412587661,1.61848412587661,1.5286703425329096,1.5286703425329096,1.5286703425329096,1.528670364950422,1.4400057359588412,1.4400057359588412,1.442980002953925,1.62,1.62,1.530001929897352
2.46399999999e-05,1.7723556843138335,1.6185549913595367,1.6185549913595367,1.6185549913595367,1.454563730706799,1.454563730706799,1.454563730706799,1.4545637491486618,1.291496380187209,1.291496380187209,1.2943839253651543,1.62,1.62,1.455747326747746
4.02649999999e-05,1.8623345880280056,1.6186373247416477,1.6186373247416477,1.6186373247416477,1.3647806469510662,1.3647806469510662,1.3647806469510662,1.3647806610252662,1.1116047132111684,1.1116047132111684,1.1142652239221054,1.62,1.62,1.3658015754908013
5.58899999999e-05,1.9430007094270645,1.618705647342835,1.618705647342835,1.618705647342835,1.2842958379374865,1.2842958379374865,1.2842958379374865,1.2842958483092235,0.9503590820254156,0.9503590820254156,0.9526569709824584,1.62,1.62,1.285178829670677
7.1515e-05,2.0112540947037254,1.618760623458346,1.618760623458346,1.618760623458346,1.2162087852123766,1.2162087852123766,1.2162087852123766,1.2162087926585616,0.8139667910230848,0.8139667910230848,0.8158658717655797,1.62,1.62,1.2169827393687989
8.714e-05,2.0644718045387465,1.6187962196163612,1.6187962196163612,1.6187962196163612,1.1631281920724637,1.1631281920724637,1.1631281920724637,1.1631281975826606,0.7076610594439404,0.7076610594439404,0.7090395801718379,1.62,1.62,1.1638299102277787
0.000102765,2.1006087121880035,1.6188149668714285,1.6188149668714285,1.6188149668714285,1.1271017115043982,1.1271017115043982,1.1271017115043982,1.1271017160411665,0.6355352328661686,0.6355352328661686,0.636385844913361,1.62,1.62,1.1277670155060655
0.00011839,2.1182760965563463,1.618812267431329,1.618812267431329,1.618812267431329,1.1095060638468075,1.1095060638468075,1.1095060638468075,1.1095060685125808,0.6003531460482285,0.6003531460482285,0.600600486005808,1.62,1.62,1.1101759699720566
0.000134015,2.116795009970483,1.6187920808753655,1.6187920808753655,1.6187920808753655,1.1110251492253769,1.1110251492253769,1.1110251492253769,1.1110251550142096,0.6034745807141265,0.6034745807141265,0.6031490467731176,1.62,1.62,1.1117366664843826
0.0001496399999999,2.096222369757305,1.6187513484999867,1.6187513484999867,1.6187513484999867,1.1315929187042726,1.1315929187042726,1.1315929187042726,1.1315929266713358,0.6447719670617073,0.6447719670617073,0.643848768361241,1.62,1.62,1.132385319011234
0.000165265,2.0573487709429363,1.6186954488524454,1.6186954488524454,1.6186954488524454,1.1704265884585183,1.1704265884585183,1.1704265884585183,1.1704265994702423,0.7226657336704094,0.7226657336704094,0.7212152062020024,1.62,1.62,1.1713321453493462
0.00018089,2.0016681041292466,1.618622738013699,1.618622738013699,1.618622738013699,1.2260262157027704,1.2260262157027704,1.2260262157027704,1.2260262306142808,0.8341551271518948,0.8341551271518948,0.8322004496943431,1.62,1.62,1.2270767690363698
0.000196515,1.9313201461158085,1.618539781359262,1.618539781359262,1.618539781359262,1.2962626777929998,1.2962626777929998,1.2962626777929998,1.29626269720327,0.9749628752434544,0.9749628752434544,0.9726095759605128,1.62,1.62,1.297480558716594
0.00021214,1.8490083294774893,1.6184460165792711,1.6184460165792711,1.6184460165792711,1.3784293238927237,1.3784293238927237,1.3784293238927237,1.3784293483346362,1.139670723896764,1.139670723896764,1.1369808494086893,1.62,1.62,1.3798343886303055
0.000227765,1.757895851166701,1.618348776577695,1.618348776577695,1.618348776577695,1.4693759925978154,1.4693759925978154,1.4693759925978154,1.4693760223036598,1.3219560093450802,1.3219560093450802,1.319059421781775,1.62,1.62,1.4709769325080886
0.00024339,1.6614841126284603,1.6182480892491942,1.6182480892491942,1.6182480892491942,1.5656002340538533,1.5656002340538533,1.5656002340538533,1.565600269161225,1.5148067436312307,1.5148067436312307,1.5117900470965062,1.62,1.62,1.567402198177462
0.000259015,1.563478162906467,1.6181515124814128,1.6181515124814128,1.6181515124814128,1.6634115792595765,1.6634115792595765,1.6634115792595765,1.6634116195905952,1.7108185339450983,1.7108185339450983,1.707820696347562,1.62,1.62,1.6654079951311354
0.00027464,1.467644315686166,1.6180590894714248,1.6180590894714248,1.6180590894714248,1.759043854273281,1.759043854273281,1.759043854273281,1.7590438995574649,1.9024520939552707,1.9024520939552707,1.8995668525040983,1.62,1.62,1.761224681974544
0.000290265,1.377665411971994,1.6179780199778453,1.6179780199778453,1.6179780199778453,1.848829257961033,1.848829257961033,1.848829257961033,1.848829307629226,2.0823496123001086,2.0823496123001086,2.0797078398315523,1.62,1.62,1.8511733586132249
0.00030589,1.2969992905729355,1.6179077915452258,1.6179077915452258,1.6179077915452258,1.9293101293799668,1.9293101293799668,1.9293101293799668,1.9293101828029977,2.2435912498890134,2.2435912498890134,2.241275856865763,1.62,1.62,1.931794106665019
0.000321515,1.2287459052962744,1.6178547109746342,1.6178547109746342,1.6178547109746342,1.9974008472755105,1.9974008472755105,1.9974008472755105,1.997400903571368,2.3799869636411386,2.3799869636411386,2.378104242628192,1.62,1.62,1.999991909318192
0.00033714,1.175528195461253,1.617817229995064,1.617817229995064,1.617817229995064,2.050477544880116,2.050477544880116,2.050477544880116,2.0504776031649685,2.4862888326211503,2.4862888326211503,2.484895040831917,1.62,1.62,2.053142806178064
0.000352765,1.1393912878119965,1.6178003574059896,1.6178003574059896,1.6178003574059896,2.086507648900524,2.086507648900524,2.086507648900524,2.0865077081055285,2.558417957641572,2.558417957641572,2.557581608964813,1.62,1.62,2.08920735110764
0.00036839,1.121723903443654,1.6178011927731957,1.6178011927731957,1.6178011927731957,2.104099442559714,2.104099442559714,2.104099442559714,2.104099501689197,2.593596300177395,2.593596300177395,2.5933356571855675,1.62,1.62,2.106796523510288
0.000384015,1.1232049900295171,1.6178232333757576,1.6178232333757576,1.6178232333757576,2.102583939434434,2.102583939434434,2.102583939434434,2.102583997387175,2.590478051584658,2.590478051584658,2.590816001383549,1.62,1.62,2.105237421028551
0.00039964,1.1437776302426954,1.6178621221690472,1.6178621221690472,1.6178621221690472,2.0820123569783995,2.0820123569783995,2.0820123569783995,2.082012412806731,2.5491770280324704,2.5491770280324704,2.550088658029252,1.62,1.62,2.084586948902693
0.000415265,1.1826512290570643,1.617919855499987,1.617919855499987,1.617919855499987,2.04318222879042,2.04318222879042,2.04318222879042,2.043182281520134,2.471286345711307,2.471286345711307,2.472747660993027,1.62,1.62,2.0456416657075254
0.00043089,1.2383318958707543,1.6179907429929046,1.6179907429929046,1.6179907429929046,1.9875788290810723,1.9875788290810723,1.9875788290810723,1.9875788779650376,2.359793412132862,2.359793412132862,2.361738049112458,1.62,1.62,1.9898952709713609
0.000446515,1.308679853884193,1.6180755132204416,1.6180755132204416,1.6180755132204416,1.917345868376494,1.917345868376494,1.917345868376494,1.9173459127075805,2.218988655935484,2.218988655935484,2.221351308541648,1.62,1.62,1.9194929782404369
0.00046214,1.390991670522512,1.6181674746395946,1.6181674746395946,1.6181674746395946,1.835175489821141,1.835175489821141,1.835175489821141,1.8351755291747345,2.0542773554452403,2.0542773554452403,2.056958535913549,1.62,1.62,1.837137421405449
0.000477765,1.4821041488333004,1.618266508353623,1.618266508353623,1.618266508353623,1.7442322828198384,1.7442322828198384,1.7442322828198384,1.744232316855317,1.8719949778342784,1.8719949778342784,1.8748996549282828,1.62,1.62,1.7459963324497745
0.00049339,1.5785158873715404,1.6183654120582358,1.6183654120582358,1.6183654120582358,1.648004348421794,1.648004348421794,1.648004348421794,1.6480043771099129,1.679140872112961,1.679140872112961,1.6821500607852076,1.62,1.62,1.6495693800597209
0.000509015,1.6765218370935342,1.6184637629242626,1.6184637629242626,1.6184637629242626,1.5501964257312757,1.5501964257312757,1.5501964257312757,1.550196449141588,1.483131912988797,1.483131912988797,1.486136726861094,1.62,1.62,1.5515649997039025
0.00052464,1.7723556843138348,1.6185544218024588,1.6185544218024588,1.6185544218024588,1.454560496799382,1.454560496799382,1.454560496799382,1.4545605153106345,1.2914950549597872,1.2914950549597872,1.2943738333395545,1.62,1.62,1.4557466628490856
0.000540265,1.8623345880280076,1.6186372460233518,1.6186372460233518,1.6186372460233518,1.364778476924702,1.364778476924702,1.364778476924702,1.364778490997885,1.1116002977452846,1.1116002977452846,1.1142480659863032,1.62,1.62,1.3657993677766307
0.00055589,1.9430007094270656,1.61870572957457,1.61870572957457,1.61870572957457,1.2842939901280663,1.2842939901280663,1.2842939901280663,1.2842940005003831,0.9503554293385346,0.9503554293385346,0.9526652794165228,1.62,1.62,1.2851770033165264
0.000571515,2.0112540947037263,1.618760545741692,1.618760545741692,1.618760545741692,1.2162066178237882,1.2162066178237882,1.2162066178237882,1.216206625269384,0.8139624125217676,0.8139624125217676,0.8158502658731184,1.62,1.62,1.216980550129076
0.00058714,2.064471804538748,1.6187963008516506,1.6187963008516506,1.6187963008516506,1.163126342904529,1.163126342904529,1.163126342904529,1.1631263484149057,0.7076573743894656,0.7076573743894656,0.7090464334259561,1.62,1.62,1.1638280676971977
0.000602765,2.100608712188004,1.6188148901435342,1.6188148901435342,1.6188148901435342,1.1270995467274534,1.1270995467274534,1.1270995467274534,1.1270995512640067,0.6355308873350539,0.6355308873350539,0.6363716081491597,1.62,1.62,1.127764842744578
0.00061839,2.1182760965563463,1.618812347682971,1.618812347682971,1.618812347682971,1.1095042133456623,1.1095042133456623,1.1095042133456623,1.109504218011265,0.6003494323767932,0.6003494323767932,0.6006060558684572,1.62,1.62,1.1101741131395106
0.000634015,2.116795009970483,1.6187920051235165,1.6187920051235165,1.6187920051235165,1.1110229870345774,1.1110229870345774,1.1110229870345774,1.1110229928235231,0.6034702646295327,0.6034702646295327,0.603136017796584,1.62,1.62,1.111734508440032
0.00064964,2.096222369757305,1.6187514277806143,1.6187514277806143,1.6187514277806143,1.1315910668950413,1.1315910668950413,1.1315910668950413,1.131591074861628,0.6447682280830699,0.6447682280830699,0.6438532063598011,1.62,1.62,1.1323834495307965
0.000665265,2.057348770942935,1.6186953740640906,1.6186953740640906,1.6186953740640906,1.170424428828658,1.170424428828658,1.170424428828658,1.1704244398407808,0.7226614439227008,0.7226614439227008,0.7212032427013354,1.62,1.62,1.1713300004681373
0.00068089,2.001668104129245,1.6186228163357816,1.6186228163357816,1.6186228163357816,1.2260243626102865,1.2260243626102865,1.2260243626102865,1.226024377521053,0.8341513657866171,0.8341513657866171,0.8322038894844189,1.62,1.62,1.2270748883675957
0.000696515,1.9313201461158065,1.6185397075220145,1.6185397075220145,1.6185397075220145,1.2962605206989362,1.2962605206989362,1.2962605206989362,1.296260540109855,0.974958609088338,0.974958609088338,0.9725985524085192,1.62,1.62,1.2974784256270036
0.00071214,1.8490083294774875,1.6184460939551155,1.6184460939551155,1.6184460939551155,1.3784274695413017,1.3784274695413017,1.3784274695413017,1.3784274939822363,1.1396669427217558,1.1396669427217558,1.1369834088816209,1.62,1.62,1.3798324980609218
0.000727765,1.7578958511666989,1.6183487036793271,1.6183487036793271,1.6183487036793271,1.4693738380151518,1.4693738380151518,1.4693738380151518,1.4693738677218626,1.321951764361327,1.321951764361327,1.319049227457002,1.62,1.62,1.4709748100002242
0.00074339,1.6614841126284583,1.618248165690948,1.618248165690948,1.618248165690948,1.5655983784677452,1.5655983784677452,1.5655983784677452,1.5655984135739365,1.5148029449205955,1.5148029449205955,1.5117918302390307,1.62,1.62,1.5674002988440423
0.000759015,1.5634781629064651,1.6181514405098565,1.6181514405098565,1.6181514405098565,1.663409427163637,1.663409427163637,1.663409427163637,1.6634094674957125,1.7108143079953315,1.7108143079953315,1.7078112335869378,1.62,1.62,1.6654058821367224
0.00077464,1.467644315686164,1.6180591649910796,1.6180591649910796,1.6180591649910796,1.7590419974758806,1.7590419974758806,1.7590419974758806,1.7590420427587068,1.9024482797148368,1.9024482797148368,1.899567951037135,1.62,1.62,1.7612227748795382
0.000790265,1.3776654119719918,1.6179779489211894,1.6179779489211894,1.6179779489211894,1.848827108327659,1.848827108327659,1.848827108327659,1.8488271579970732,2.082345403498054,2.082345403498054,2.0796990224908978,1.62,1.62,1.8511712541896583
0.00080589,1.2969992905729335,1.6179078661546151,1.6179078661546151,1.6179078661546151,1.9293082713947207,1.9293082713947207,1.9293082713947207,1.9293083248162408,2.243587421889697,2.243587421889697,2.241276351692841,1.62,1.62,1.9317921926933932
0.000821515,1.2287459052962726,1.61785464082112,1.61785464082112,1.61785464082112,1.997398700081171,1.997398700081171,1.997398700081171,1.9973987563783928,2.3799827703230347,2.3799827703230347,2.3780959947246583,1.62,1.62,1.999989812633881
0.00083714,1.1755281954612522,1.6178173037058698,1.6178173037058698,1.6178173037058698,2.0504756857304107,2.0504756857304107,2.0504756857304107,2.050475744013619,2.486284992426368,2.486284992426368,2.4848950033147745,1.62,1.62,2.05314088611106
0.000852765,1.1393912878119958,1.6178002881440132,1.6178002881440132,1.6178002881440132,2.086505504121863,2.086505504121863,2.086505504121863,2.086505563328356,2.5584137783382994,2.5584137783382994,2.5575738634767813,1.62,1.62,2.089205261428521
0.00086839,1.1217239034436537,1.6178012655969485,1.6178012655969485,1.6178012655969485,2.1040975822684223,2.1040975822684223,2.1040975822684223,2.104097641396146,2.593592449166224,2.593592449166224,2.5933351502682256,1.62,1.62,2.106794598037207
0.000884015,1.1232049900295176,1.6178231649938637,1.6178231649938637,1.6178231649938637,2.102581797048268,2.102581797048268,2.102581797048268,2.102581855002604,2.5904738849997626,2.5904738849997626,2.5908086991946293,1.62,1.62,2.1052353377065978
0.00089964,1.143777630242696,1.6178621941171265,1.6178621941171265,1.6178621941171265,2.082010495568107,2.082010495568107,2.082010495568107,2.08201055139458,2.5491731674219102,2.5491731674219102,2.550087737231428,1.62,1.62,2.0845850186319077
0.000915265,1.182651229057066,1.6179197879868692,1.6179197879868692,1.6179197879868692,2.043180088774305,2.043180088774305,2.043180088774305,2.0431801415057067,2.4712821907009923,2.4712821907009923,2.472740749959978,1.62,1.62,2.045639588171185
0.00093089,1.238331895870756,1.6179908140765444,1.6179908140765444,1.6179908140765444,1.9875769665743075,1.9875769665743075,1.9875769665743075,1.9875770154563288,2.3597895429982167,2.3597895429982167,2.361736763406512,1.62,1.62,1.9898933364400664
0.000946515,1.308679853884195,1.61807544656494,1.61807544656494,1.61807544656494,1.917343730707817,1.917343730707817,1.917343730707817,1.9173437750406697,2.2189845114894813,2.2189845114894813,2.2213447426708526,1.62,1.62,1.919490905984772
0.00096214,1.3909916705225145,1.6181675448698818,1.6181675448698818,1.6181675448698818,1.8351736262398064,1.8351736262398064,1.8351736262398064,1.835173665591382,2.054273478734328,2.054273478734328,2.056956928494205,1.62,1.62,1.8371354830874924
0.000977765,1.4821041488333024,1.6182664425447224,1.6182664425447224,1.6182664425447224,1.7442301474764978,1.7442301474764978,1.7442301474764978,1.7442301815138108,1.8719908430610757,1.8719908430610757,1.8748933936513088,1.62,1.62,1.7459942650292688
0.00099339,1.5785158873715437,1.618365481446114,1.618365481446114,1.618365481446114,1.6480024837876217,1.6480024837876217,1.6480024837876217,1.6480025124736606,1.6791369886633227,1.6791369886633227,1.6821481697532312,1.62,1.62,1.6495674383734578
0.001009015,1.6765218370935369,1.6184636979510914,1.6184636979510914,1.6184636979510914,1.5501942926912262,1.5501942926912262,1.5501942926912262,1.5501943161034308,1.4831277871011066,1.4831277871011066,1.4861307343943235,1.62,1.62,1.5515629367250452
0.00102464,1.7723556843138368,1.61855449035873,1.61855449035873,1.61855449035873,1.4545586311339345,1.4545586311339345,1.4545586311339345,1.454558649643054,1.2914911655104258,1.2914911655104258,1.294371692301285,1.62,1.62,1.4557447181639156
0.001040265,1.862334588028009,1.618637181875178,1.618637181875178,1.618637181875178,1.364776346166522,1.364776346166522,1.364776346166522,1.364776360241646,1.1115961800484828,1.1115961800484828,1.114242310767259,1.62,1.62,1.3657973088923536
0.00105589,1.943000709427067,1.6187057973098966,1.6187057973098966,1.6187057973098966,1.2842921234521705,1.2842921234521705,1.2842921234521705,1.2842921338223092,0.9503515345409794,0.9503515345409794,0.9526629180135048,1.62,1.62,1.2851750559580817
0.001071515,2.011254094703728,1.6187604824079247,1.6187604824079247,1.6187604824079247,1.2162044893255424,1.2162044893255424,1.2162044893255424,1.2162044967731205,0.8139583024013478,0.8139583024013478,0.8158447200609303,1.62,1.62,1.216978495032205
0.00108714,2.064471804538748,1.618796367776556,1.618796367776556,1.618796367776556,1.1631244752389556,1.1631244752389556,1.1631244752389556,1.1631244807471168,0.7076534748191569,0.7076534748191569,0.7090438778036072,1.62,1.62,1.1638261179531084
0.001102765,2.100608712188005,1.6188148276137175,1.6188148276137175,1.6188148276137175,1.1270974204682829,1.1270974204682829,1.1270974204682829,1.127097425006853,0.6355267842498306,0.6355267842498306,0.6363662471882524,1.62,1.62,1.1277627911646548
0.00111839,2.1182760965563467,1.6188124138078426,1.6188124138078426,1.6188124138078426,1.10950234471113,1.10950234471113,1.10950234471113,1.1095023493744856,0.600345528542215,0.600345528542215,0.600603329088672,1.62,1.62,1.110172161263886
0.001134015,2.1167950099704824,1.618791943387331,1.618791943387331,1.618791943387331,1.111020862993677,1.111020862993677,1.111020862993677,1.1110208687846683,0.603466168101308,0.603466168101308,0.6031308200274729,1.62,1.62,1.1117324601380816
0.00114964,2.096222369757304,1.618751493115705,1.618751493115705,1.618751493115705,1.131589197311873,1.131589197311873,1.131589197311873,1.131589205276187,0.6447643204329249,0.6447643204329249,0.643850328763916,1.62,1.62,1.132381495747835
0.001165265,2.0573487709429337,1.618695313111351,1.618695313111351,1.618695313111351,1.1704223069855029,1.1704223069855029,1.1704223069855029,1.1704223179996942,0.72265735352929,0.72265735352929,0.7211981890194648,1.62,1.62,1.1713279552331817
0.00118089,2.001668104129243,1.6186228808912109,1.6186228808912109,1.6186228808912109,1.2260224920985274,1.2260224920985274,1.2260224920985274,1.226022507007,0.8341474547168547,0.8341474547168547,0.8322008790141168,1.62,1.62,1.2270729328751873
0.001196515,1.9313201461158047,1.6185396473426672,1.6185396473426672,1.6185396473426672,1.2962584010331668,1.2962584010331668,1.2962584010331668,1.2962584204461738,0.974954524456818,0.974954524456818,0.9725936259627328,1.62,1.62,1.297476383272677
0.00121214,1.8490083294774844,1.6184461577408729,1.6184461577408729,1.6184461577408729,1.3784255981207172,1.3784255981207172,1.3784255981207172,1.3784256225593414,1.139663028581762,1.139663028581762,1.136980281361962,1.62,1.62,1.3798305410337215
0.001227765,1.7578958511666962,1.6183486442634485,1.6183486442634485,1.6183486442634485,1.4693717205066863,1.4693717205066863,1.4693717205066863,1.4693717502155,1.3219476851626444,1.3219476851626444,1.3190444133841357,1.62,1.62,1.4709727703619964
0.00124339,1.661484112628456,1.6182482287168918,1.6182482287168918,1.6182482287168918,1.5655965061578228,1.5655965061578228,1.5655965061578228,1.5655965412616897,1.5147990280186134,1.5147990280186134,1.511788599628087,1.62,1.62,1.567398340436177
0.001259015,1.5634781629064618,1.6181513818476516,1.6181513818476516,1.6181513818476516,1.6634073117929,1.6634073117929,1.6634073117929,1.6634073521270898,1.7108102339393498,1.7108102339393498,1.7078065187775022,1.62,1.62,1.6654038450695854
0.00127464,1.4676443156861607,1.6180592272669412,1.6180592272669412,1.6180592272669412,1.7590401242960585,1.7590401242960585,1.7590401242960585,1.7590401695765503,1.9024443603238164,1.9024443603238164,1.899564629647228,1.62,1.62,1.7612208152272308
0.001290265,1.3776654119719896,1.6179778910029905,1.6179778910029905,1.6179778910029905,1.8488249950750104,1.8488249950750104,1.8488249950750104,1.848825044746548,2.082341334328066,2.082341334328066,2.079694395381364,1.62,1.62,1.851169219565307
0.00130589,1.296999290572932,1.6179079276900017,1.6179079276900017,1.6179079276900017,1.9293063973638176,1.9293063973638176,1.9293063973638176,1.929306450782996,2.2435835002491293,2.2435835002491293,2.241272950382344,1.62,1.62,1.9317902319165017
0.001321515,1.2287459052962717,1.6178545836373843,1.6178545836373843,1.6178545836373843,1.99739658892702,1.99739658892702,1.99739658892702,1.997396645226372,2.379978705811635,2.379978705811635,2.378091445114848,1.62,1.62,1.9999877803388475
0.00133714,1.1755281954612515,1.6178173645102611,1.6178173645102611,1.6178173645102611,2.050473810867083,2.050473810867083,2.050473810867083,2.050473869147945,2.4862810687477976,2.4862810687477976,2.484891531661192,1.62,1.62,2.05313892431539
0.001352765,1.139391287811995,1.617800231685322,1.617800231685322,1.617800231685322,2.0865033950473504,2.0865033950473504,2.0865033950473504,2.086503454255977,2.558409718286533,2.558409718286533,2.557569382371617,1.62,1.62,2.089203231363112
0.00136839,1.1217239034436537,1.6178013256797028,1.6178013256797028,1.6178013256797028,2.104095706591165,2.104095706591165,2.104095706591165,2.104095765716539,2.593588523636895,2.593588523636895,2.5933316167197407,1.62,1.62,2.106792635316152
0.001384015,1.1232049900295182,1.6178231092509203,1.6178231092509203,1.6178231092509203,2.1025796900344664,2.1025796900344664,2.1025796900344664,2.1025797479909385,2.590469829230724,2.590469829230724,2.590804278658934,1.62,1.62,2.105233309782558
0.00139964,1.143777630242697,1.6178622534874807,1.6178622534874807,1.6178622534874807,2.082008619095254,2.082008619095254,2.082008619095254,2.082008674919376,2.5491692402067763,2.5491692402067763,2.550084149239186,1.62,1.62,2.084583055067898
0.001415265,1.1826512290570672,1.617919732950496,1.617919732950496,1.617919732950496,2.0431779838029054,2.0431779838029054,2.0431779838029054,2.043178036536444,2.471278139059794,2.471278139059794,2.472736382995988,1.62,1.62,2.045637562311023
0.00143089,1.2383318958707576,1.617990872743616,1.617990872743616,1.617990872743616,1.9875750893240316,1.9875750893240316,1.9875750893240316,1.987575138203702,2.3597856142426115,2.3597856142426115,2.361733127542385,1.62,1.62,1.9898913721058429
0.001446515,1.3086798538841964,1.618075392226081,1.618075392226081,1.618075392226081,1.917341627760216,1.917341627760216,1.917341627760216,1.917341672095205,2.2189804638383404,2.2189804638383404,2.221340423105288,1.62,1.62,1.9194888821196496
0.00146214,1.3909916705225174,1.6181676028426697,1.6181676028426697,1.6181676028426697,1.8351717482296648,1.8351717482296648,1.8351717482296648,1.835171787578891,2.0542695485658795,2.0542695485658795,2.056953250554087,1.62,1.62,1.8371335180467716
0.001477765,1.4821041488333058,1.6182663888944369,1.6182663888944369,1.6182663888944369,1.744228046534705,1.744228046534705,1.744228046534705,1.7442280805741524,1.8719867992792707,1.8719867992792707,1.8748891160400456,1.62,1.62,1.745992243098859
0.00149339,1.578515887371546,1.6183655387335012,1.6183655387335012,1.6183655387335012,1.648000605035241,1.648000605035241,1.648000605035241,1.648000633718933,1.6791330571946146,1.6791330571946146,1.6821444548492233,1.62,1.62,1.6495654726826123
0.001509015,1.6765218370935393,1.618463644980554,1.618463644980554,1.618463644980554,1.5501921937375245,1.5501921937375245,1.5501921937375245,1.5501922171518598,1.4831237470824292,1.4831237470824292,1.4861264939358,1.62,1.62,1.5515609166762587
0.00152464,1.7723556843138393,1.6185545469694833,1.6185545469694833,1.6185545469694833,1.4545567516566684,1.4545567516566684,1.4545567516566684,1.4545567701634443,1.291487232840827,1.291487232840827,1.2943679449424452,1.62,1.62,1.4557427518725017
0.001540265,1.8623345880280109,1.6186371295756794,1.6186371295756794,1.6186371295756794,1.3647742491831256,1.3647742491831256,1.3647742491831256,1.3647742632603772,1.1115921436988183,1.1115921436988183,1.1142381032259692,1.62,1.62,1.3657952906781765
0.00155589,1.9430007094270696,1.6187058532526706,1.6187058532526706,1.6187058532526706,1.2842902432672134,1.2842902432672134,1.2842902432672134,1.2842902536350131,0.9503476007575536,0.9503476007575536,0.9526591421763316,1.62,1.62,1.2851730891097255
0.001571515,2.0112540947037294,1.618760430770867,1.618760430770867,1.618760430770867,1.2162023942951643,1.2162023942951643,1.2162023942951643,1.2162024017448656,0.8139542696386964,0.8139542696386964,0.8158405417020371,1.62,1.62,1.216976478611545
0.00158714,2.0644718045387496,1.6187964230598917,1.6187964230598917,1.6187964230598917,1.1631225943631178,1.1631225943631178,1.1631225943631178,1.1631225998689445,0.7076495399981976,0.7076495399981976,0.7090400769950422,1.62,1.62,1.1638241505859577
0.001602765,2.1006087121880057,1.6188147766306156,1.6188147766306156,1.6188147766306156,1.1270953273737945,1.1270953273737945,1.1270953273737945,1.1270953319144827,0.6355227550016951,0.6355227550016951,0.6363620947172882,1.62,1.62,1.127760776501363
0.00161839,2.1182760965563467,1.6188124684401717,1.6188124684401717,1.6188124684401717,1.1095004631611778,1.1095004631611778,1.1095004631611778,1.1095004678222038,0.6003415927512723,0.6003415927512723,0.6005995064022412,1.62,1.62,1.1101701934115482
0.001634015,2.116795009970482,1.6187918930498082,1.6187918930498082,1.6187918930498082,1.1110187718181057,1.1110187718181057,1.1110187718181057,1.11101877761121,0.6034621423041101,0.6034621423041101,0.6031266905389426,1.62,1.62,1.1117304472003886
0.00164964,2.0962223697573026,1.6187515471053495,1.6187515471053495,1.6187515471053495,1.1315873151040765,1.1315873151040765,1.1315873151040765,1.131587323066066,0.6447603837300027,0.6447603837300027,0.6438464869267232,1.62,1.62,1.132379527439453
0.001665265,2.0573487709429323,1.6186952634111402,1.6186952634111402,1.6186952634111402,1.1704202177118053,1.1704202177118053,1.1704202177118053,1.170420228728104,0.7226533311268931,0.7226533311268931,0.721194079950439,1.62,1.62,1.1713259439929764
0.00168089,2.001668104129241,1.618622934246385,1.618622934246385,1.618622934246385,1.2260206092489985,1.2260206092489985,1.2260206092489985,1.2260206241551526,0.8341435171530421,0.8341435171530421,0.8321970204316063,1.62,1.62,1.227070964136242
0.001696515,1.9313201461158025,1.6185395982716078,1.6185395982716078,1.6185395982716078,1.2962563136449092,1.2962563136449092,1.2962563136449092,1.2962563330600176,0.9749505054007876,0.9749505054007876,0.9725895350535546,1.62,1.62,1.297474373705752
0.00171214,1.849008329477483,1.6184462104696846,1.6184462104696846,1.6184462104696846,1.3784237146454132,1.3784237146454132,1.3784237146454132,1.3784237390817249,1.1396590902014234,1.1396590902014234,1.13697640815531,1.62,1.62,1.379828571886442
0.001727765,1.757895851166693,1.6183485958134864,1.6183485958134864,1.6183485958134864,1.469369634987478,1.469369634987478,1.469369634987478,1.4693696646983876,1.3219436694105158,1.3219436694105158,1.3190403386417595,1.62,1.62,1.470970762447098
0.00174339,1.6614841126284523,1.6182482808273444,1.6182482808273444,1.6182482808273444,1.5655946220726602,1.5655946220726602,1.5655946220726602,1.5655946571742203,1.514795088860751,1.514795088860751,1.5117847136683205,1.62,1.62,1.5673963709000192
0.001759015,1.5634781629064591,1.6181513340108358,1.6181513340108358,1.6181513340108358,1.6634052281267313,1.6634052281267313,1.6634052281267313,1.663405268463011,1.7108062214543944,1.7108062214543944,1.7078024584445015,1.62,1.62,1.6654018387884113
0.00177464,1.4676443156861594,1.6180592787669332,1.6180592787669332,1.6180592787669332,1.7590382396165711,1.7590382396165711,1.7590382396165711,1.7590382848947623,1.9024404204216607,1.9024404204216607,1.899560732583748,1.62,1.62,1.761218845318847
0.001790265,1.377665411971988,1.6179778437714736,1.6179778437714736,1.6179778437714736,1.848822913245912,1.848822913245912,1.848822913245912,1.848822962919534,2.08233732507828,2.08233732507828,2.0796903479077278,1.62,1.62,1.8511672149018696
0.00180589,1.2969992905729306,1.6179079785873292,1.6179079785873292,1.6179079785873292,1.9293045121055004,1.9293045121055004,1.9293045121055004,1.929304565522384,2.243579559631673,2.243579559631673,2.2412690436699587,1.62,1.62,1.9317882616503683
0.001821515,1.2287459052962697,1.617854537003421,1.617854537003421,1.617854537003421,1.997394508919632,1.997394508919632,1.997394508919632,1.9973945652210612,2.3799746997704427,2.3799746997704427,2.3780874091347264,1.62,1.62,1.9999857772797804
0.00183714,1.1755281954612498,1.6178174148126212,1.6178174148126212,1.6178174148126212,2.050471925045163,2.050471925045163,2.050471925045163,2.0504719833237366,2.4862771274398923,2.4862771274398923,2.484887616582759,1.62,1.62,2.053136953703822
0.001852765,1.139391287811994,1.6178001856412658,1.6178001856412658,1.6178001856412658,2.0865013168458963,2.0865013168458963,2.0865013168458963,2.086501376056596,2.558405715429844,2.558405715429844,2.557565356679267,1.62,1.62,2.0892012298964158
0.00186839,1.1217239034436532,1.6178013753946914,1.6178013753946914,1.6178013753946914,2.1040938202207164,2.1040938202207164,2.1040938202207164,2.104093879343807,2.593584581659265,2.593584581659265,2.593327694405952,1.62,1.62,2.1067906643696346
0.001884015,1.1232049900295182,1.6178230637892246,1.6178230637892246,1.6178230637892246,2.102577613623778,2.102577613623778,2.102577613623778,2.102577671582317,2.590465829538953,2.590465829538953,2.590800262192089,1.62,1.62,2.105231309898413
0.00189964,1.1437776302426976,1.617862302622596,1.617862302622596,1.617862302622596,2.082006732190857,2.082006732190857,2.082006732190857,2.0820067880127016,2.5491652975763976,2.5491652975763976,2.5500802206865343,1.62,1.62,2.0845810837949363
0.001915265,1.1826512290570688,1.6179196880637132,1.6179196880637132,1.6179196880637132,2.043175909167738,2.043175909167738,2.043175909167738,2.043175961903338,2.47127414251589,2.47127414251589,2.4727323748174084,1.62,1.62,2.0456355640009423
0.00193089,1.23833189587076,1.6179909213062584,1.6179909213062584,1.6179909213062584,1.9875732019002303,1.9875732019002303,1.9875732019002303,1.9875732507776287,2.359781670973798,2.359781670973798,2.3617291936296523,1.62,1.62,1.9898894005135848
0.001946515,1.308679853884199,1.6180753479068577,1.6180753479068577,1.6180753479068577,1.9173395548857048,1.9173395548857048,1.9173395548857048,1.917339599222749,2.21897647042858,2.21897647042858,2.221336422389084,1.62,1.62,1.919486885376765
0.00196214,1.3909916705225187,1.6181676508401446,1.6181676508401446,1.6181676508401446,1.8351698603011917,1.8351698603011917,1.8351698603011917,1.8351698996481511,2.054265604671133,2.054265604671133,2.0569493120568074,1.62,1.62,1.8371315461413853
0.001977765,1.482104148833307,1.6182663451355157,1.6182663451355157,1.6182663451355157,1.7442259754064773,1.7442259754064773,1.7442259754064773,1.7442260094479751,1.8719828089931447,1.8719828089931447,1.8748851220587903,1.62,1.62,1.7459902479179
0.00199339,1.5785158873715477,1.6183655861730182,1.6183655861730182,1.6183655861730182,1.64799871661645,1.64799871661645,1.64799871661645,1.6479987452978802,1.6791291126833494,1.6791291126833494,1.682140512450455,1.62,1.62,1.6495635004688418
0.002009015,1.6765218370935426,1.618463601774772,1.618463601774772,1.618463601774772,1.5501901243410168,1.5501901243410168,1.5501901243410168,1.5501901477573987,1.4831197599112176,1.4831197599112176,1.4861225060477754,1.62,1.62,1.5515589230527496
0.00202464,1.7723556843138426,1.6185545938581605,1.6185545938581605,1.6185545938581605,1.454554862761536,1.454554862761536,1.454554862761536,1.4545548812660547,1.2914832877197422,1.2914832877197422,1.2943639992437386,1.62,1.62,1.455740779353782
0.002040265,1.8623345880280135,1.618637086915966,1.618637086915966,1.618637086915966,1.3647721815039249,1.3647721815039249,1.3647721815039249,1.3647721955832184,1.111588159635344,1.111588159635344,1.114234120864975,1.62,1.62,1.365793298608671
0.00205589,1.943000709427071,1.618705899597532,1.618705899597532,1.618705899597532,1.2842883539095662,1.2842883539095662,1.2842883539095662,1.284288364275113,0.9503436550316072,0.9503436550316072,0.9526551937080237,1.62,1.62,1.2851711162885129
0.002071515,2.0112540947037307,1.6187603886502433,1.6187603886502433,1.6187603886502433,1.2162003283192349,1.2162003283192349,1.2162003283192349,1.2162003357709736,0.8139502886785047,0.8139502886785047,0.815836564369799,1.62,1.62,1.2169744880937594
0.00208714,2.064471804538752,1.6187964688678722,1.6187964688678722,1.6187964688678722,1.1631207045566336,1.1631207045566336,1.1631207045566336,1.163120710060211,0.707645593670696,0.707645593670696,0.7090361262246281,1.62,1.62,1.163822177463814
0.002102765,2.100608712188006,1.6188147350421929,1.6188147350421929,1.6188147350421929,1.127093263087135,1.127093263087135,1.127093263087135,1.1270932676298575,0.6355187771417625,0.6355187771417625,0.6363581219744187,1.62,1.62,1.127758787533754
0.00211839,2.118276096556347,1.618812513718115,1.618812513718115,1.618812513718115,1.109498572919271,1.109498572919271,1.109498572919271,1.1094985775780517,0.6003376458231356,0.6003376458231356,0.6005955537409082,1.62,1.62,1.1101682199891052
0.002134015,2.116795009970482,1.618791851986788,1.618791851986788,1.618791851986788,1.1110167092065235,1.1110167092065235,1.1110167092065235,1.111016715001658,0.6034581675422991,0.6034581675422991,0.6031227219975539,1.62,1.62,1.1117284597818515
0.00214964,2.0962223697573026,1.6187515918600115,1.6187515918600115,1.6187515918600115,1.131585424439899,1.131585424439899,1.131585424439899,1.1315854323996468,0.6447564362009588,0.6447564362009588,0.6438425327369277,1.62,1.62,1.1323775537164802
0.002165265,2.0573487709429314,1.6186952228668097,1.6186952228668097,1.6186952228668097,1.1704181567620513,1.1704181567620513,1.1704181567620513,1.1704181677803778,0.7226493594637828,0.7226493594637828,0.7211901152699521,1.62,1.62,1.1713239581239252
0.00218089,2.0016681041292403,1.6186229784844346,1.6186229784844346,1.6186229784844346,1.2260187181758964,1.2260187181758964,1.2260187181758964,1.2260187330798114,0.8341395690217811,0.8341395690217811,0.8321930650329413,1.62,1.62,1.2270689901121583
0.002196515,1.9313201461158012,1.6185395582393431,1.6185395582393431,1.6185395582393431,1.296254254343428,1.296254254343428,1.296254254343428,1.2962542737605616,0.9749465368378368,0.9749465368378368,0.9725855739335484,1.62,1.62,1.297472389386808
0.00221214,1.8490083294774813,1.6184462541977025,1.6184462541977025,1.6184462541977025,1.3784218231763568,1.3784218231763568,1.3784218231763568,1.3784218476104315,1.1396551414652605,1.1396551414652605,1.136972451829121,1.62,1.62,1.3798265975598
0.002227765,1.7578958511666896,1.6183485562867483,1.6183485562867483,1.6183485562867483,1.469367577320975,1.469367577320975,1.469367577320975,1.469367607033907,1.3219397039503402,1.3219397039503402,1.3190363808175716,1.62,1.62,1.4709687796796114
0.00224339,1.6614841126284492,1.618248324051828,1.618248324051828,1.618248324051828,1.5655927302202457,1.5655927302202457,1.5655927302202457,1.5655927653195714,1.51479113951513,1.51479113951513,1.51178075666163,1.62,1.62,1.5673943962685486
0.002259015,1.5634781629064558,1.618151294983171,1.618151294983171,1.618151294983171,1.6634031720819444,1.6634031720819444,1.6634031720819444,1.663403212420245,1.710802259100631,1.710802259100631,1.707798503682924,1.62,1.62,1.6653998575741955
0.00227464,1.467644315686156,1.6180593214942958,1.6180593214942958,1.6180593214942958,1.7590363473934747,1.7590363473934747,1.7590363473934747,1.7590363926694332,1.902436470461087,1.902436470461087,1.8995567751140767,1.62,1.62,1.7612168703799496
0.002290265,1.3776654119719836,1.61797780523651,1.61797780523651,1.61797780523651,1.8488208588102948,1.8488208588102948,1.8488208588102948,1.848820908485936,2.082333365836858,2.082333365836858,2.0796863960046115,1.62,1.62,1.851165235243847
0.00230589,1.2969992905729266,1.6179080208239,1.6179080208239,1.6179080208239,1.92930261952448,1.92930261952448,1.92930261952448,1.929302672939132,2.2435756090507293,2.2435756090507293,2.2412650859297987,1.62,1.62,1.9317862864011477
0.002321515,1.2287459052962673,1.617854498954871,1.617854498954871,1.617854498954871,1.9973924560801015,1.9973924560801015,1.9973924560801015,1.9973925123835496,2.3799707436470894,2.3799707436470894,2.378083459909343,1.62,1.62,1.999983799180696
0.00233714,1.1755281954612484,1.617817456564648,1.617817456564648,1.617817456564648,2.0504700321182616,2.0504700321182616,2.0504700321182616,2.050470090394604,2.486273176230303,2.486273176230303,2.484883658739608,1.62,1.62,2.0531349781403208
0.002352765,1.1393912878119936,1.617800148072923,1.617800148072923,1.617800148072923,2.086499265589857,2.086499265589857,2.086499265589857,2.086499324802574,2.5584017624313904,2.5584017624313904,2.557561409972688,1.62,1.62,2.0891992533598365
0.00236839,1.121723903443653,1.6178014166683414,1.6178014166683414,1.6178014166683414,2.104091926959945,2.104091926959945,2.104091926959945,2.104091986080806,2.5935806298125814,2.5935806298125814,2.593323736607704,1.62,1.62,2.1067886884875406
0.002384015,1.123204990029519,1.6178230266949618,1.6178230266949618,1.6178230266949618,2.102575563939008,2.102575563939008,2.102575563939008,2.102575621899564,2.5904618796740952,2.5904618796740952,2.5907963178654647,1.62,1.62,2.1052293349285987
0.00239964,1.1437776302426983,1.617862343423956,1.617862343423956,1.617862343423956,2.0820048386086523,2.0820048386086523,2.0820048386086523,2.0820048944282665,2.5491613450840083,2.5491613450840083,2.550076263063856,1.62,1.62,2.084579107590057
0.002415265,1.1826512290570697,1.6179196514374834,1.6179196514374834,1.6179196514374834,2.043173861041817,2.043173861041817,2.043173861041817,2.0431739137794347,2.4712701957929477,2.4712701957929477,2.4727284327475694,1.62,1.62,2.04563359060224
0.00243089,1.238331895870761,1.6179909616413368,1.6179909616413368,1.6179909616413368,1.9875713080081987,1.9875713080081987,1.9875713080081987,1.9875713568833664,2.3597777178251644,2.3597777178251644,2.361725236296227,1.62,1.62,1.9898874239806188
0.002446515,1.3086798538842002,1.6180753117426918,1.6180753117426918,1.6180753117426918,1.9173375083066984,1.9173375083066984,1.9173375083066984,1.917337552645762,2.21897252685828,2.21897252685828,2.221332482469298,1.62,1.62,1.9194849135542889
0.00246214,1.3909916705225218,1.6181676907148723,1.6181676907148723,1.6181676907148723,1.835167966111025,1.835167966111025,1.835167966111025,1.835168005455753,2.0542616508553047,2.0542616508553047,2.056945355112796,1.62,1.62,1.8371295692748408
0.002477765,1.4821041488333109,1.6182663094275214,1.6182663094275214,1.6182663094275214,1.744223930362255,1.744223930362255,1.744223930362255,1.744223964405773,1.8719788685859056,1.8719788685859056,1.8748811841943431,1.62,1.62,1.7459882776768296
0.00249339,1.578515887371551,1.618365625593249,1.618365625593249,1.618365625593249,1.6479968221396957,1.6479968221396957,1.6479968221396957,1.647996850818893,1.6791251581884712,1.6791251581884712,1.6821365559835386,1.62,1.62,1.6495615232628276
0.002509015,1.6765218370935444,1.6184635665171347,1.6184635665171347,1.6184635665171347,1.5501880808197055,1.5501880808197055,1.5501880808197055,1.5501881042381094,1.4831158226779904,1.4831158226779904,1.4861185701553288,1.62,1.62,1.5515569543987735
0.00252464,1.7723556843138442,1.6185546328296734,1.6185546328296734,1.6185546328296734,1.454552968009257,1.454552968009257,1.454552968009257,1.4545529865115407,1.2914793325325409,1.2914793325325409,1.2943600433300408,1.62,1.62,1.455738801801676
0.002540265,1.8623345880280169,1.6186370521029445,1.6186370521029445,1.6186370521029445,1.3647701394937937,1.3647701394937937,1.3647701394937937,1.3647701535751111,1.1115842255887036,1.1115842255887036,1.1142301868722606,1.62,1.62,1.3657913315478625
0.00255589,1.9430007094270736,1.6187059381260296,1.6187059381260296,1.6187059381260296,1.284286458893365,1.284286458893365,1.284286458893365,1.284286469256674,0.9503396991396296,0.9503396991396296,0.9526512384156286,1.62,1.62,1.2851691383839965
0.002571515,2.011254094703733,1.6187603542761717,1.6187603542761717,1.6187603542761717,1.2161982878090378,1.2161982878090378,1.2161982878090378,1.2161982952628037,0.8139463578318074,0.8139463578318074,0.815832632213662,1.62,1.62,1.216972522632911
0.00258714,2.064471804538752,1.6187965069589845,1.6187965069589845,1.6187965069589845,1.1631188092876277,1.1631188092876277,1.1631188092876277,1.1631188147889646,0.7076416370596272,0.7076416370596272,0.7090321716120006,1.62,1.62,1.1638201991998518
0.002602765,2.1006087121880066,1.6188147011014784,1.6188147011014784,1.6188147011014784,1.1270912240653137,1.1270912240653137,1.1270912240653137,1.1270912286100658,0.6355148495084196,0.6355148495084196,0.6363541915989986,1.62,1.62,1.1277568236795703
0.00261839,2.118276096556347,1.618812551377399,1.618812551377399,1.618812551377399,1.109496677408095,1.109496677408095,1.109496677408095,1.109496682064632,0.6003336884776173,0.6003336884776173,0.6005915998586935,1.62,1.62,1.1101662413579534
0.002634015,2.116795009970482,1.6187918184739094,1.6187918184739094,1.6187918184739094,1.1110146716620022,1.1110146716620022,1.1110146716620022,1.1110146774591707,0.603454243137183,0.603454243137183,0.6031187933547489,1.62,1.62,1.1117264975417491
0.00264964,2.096222369757302,1.618751629092953,1.618751629092953,1.618751629092953,1.1315835286973872,1.1315835286973872,1.1315835286973872,1.1315835366548874,0.6447524781055037,0.6447524781055037,0.6438385796297673,1.62,1.62,1.1323755747103703
0.002665265,2.0573487709429297,1.618695189776319,1.618695189776319,1.618695189776319,1.1704161206834411,1.1704161206834411,1.1704161206834411,1.1704161317038055,0.7226454383018254,0.7226454383018254,0.72118618831724,1.62,1.62,1.1713219975052238
0.00268089,2.001668104129238,1.6186230152964458,1.6186230152964458,1.6186230152964458,1.2260168222128545,1.2260168222128545,1.2260168222128545,1.2260168371145177,0.83413561016023,0.83413561016023,0.8321891127396351,1.62,1.62,1.227067010723078
0.002696515,1.9313201461157985,1.6185395255658608,1.6185395255658608,1.6185395255658608,1.296252219720165,1.296252219720165,1.296252219720165,1.296252239139341,0.9749426189355912,0.9749426189355912,0.9725816486348212,1.62,1.62,1.2974704303978724
0.00271214,1.8490083294774784,1.6184462905941293,1.6184462905941293,1.6184462905941293,1.3784199270033364,1.3784199270033364,1.3784199270033364,1.3784199514351545,1.139651181820585,1.139651181820585,1.1369685003831662,1.62,1.62,1.379824617779262
0.002727765,1.7578958511666862,1.6183485240249655,1.6183485240249655,1.6183485240249655,1.46936554414218,1.46936554414218,1.46936554414218,1.4693655738571605,1.321935789324319,1.321935789324319,1.3190324571408265,1.62,1.62,1.470966822328709
0.00274339,1.6614841126284456,1.6182483600379447,1.6182483600379447,1.6182483600379447,1.5655908338474294,1.5655908338474294,1.5655908338474294,1.565590868944493,1.514787179069034,1.514787179069034,1.511776806091394,1.62,1.62,1.5673924160874804
0.002759015,1.5634781629064525,1.6181512631278474,1.6181512631278474,1.6181512631278474,1.6634011403367668,1.6634011403367668,1.6634011403367668,1.663401180677121,1.7107983477679918,1.7107983477679918,1.7077945816003774,1.62,1.62,1.6653979018698366
0.00277464,1.4676443156861527,1.6180593570753092,1.6180593570753092,1.6180593570753092,1.7590344508311315,1.7590344508311315,1.7590344508311315,1.7590344961048223,1.9024325091955256,1.9024325091955256,1.899552825444828,1.62,1.62,1.761214889789149
0.002790265,1.377665411971982,1.617977773782474,1.617977773782474,1.617977773782474,1.8488188284881368,1.8488188284881368,1.8488188284881368,1.8488188781658377,2.082329457815429,2.082329457815429,2.07968247549229,1.62,1.62,1.851163281195012
0.00280589,1.2969992905729253,1.6179080560049492,1.6179080560049492,1.6179080560049492,1.9293007227826264,1.9293007227826264,1.9293007227826264,1.929300776195004,2.2435716469460147,2.2435716469460147,2.241261137182278,1.62,1.62,1.931784305390944
0.002821515,1.2287459052962664,1.6178544678970157,1.6178544678970157,1.6178544678970157,1.9973904271707328,1.9973904271707328,1.9973904271707328,1.997390483476248,2.37996683895601,2.37996683895601,2.378079540947206,1.62,1.62,1.9999818467969528
0.00283714,1.1755281954612475,1.6178174913508068,1.6178174913508068,1.6178174913508068,2.0504681352068874,2.0504681352068874,2.0504681352068874,2.050468193480949,2.4862692132668376,2.4862692132668376,2.4848797109322183,1.62,1.62,2.053132996700795
0.002852765,1.1393912878119932,1.6178001174062089,1.6178001174062089,1.6178001174062089,2.086497238083074,2.086497238083074,2.086497238083074,2.086497297297865,2.558397861090357,2.558397861090357,2.557557492543527,1.62,1.62,2.089197302651
0.00286839,1.1217239034436526,1.6178014510646173,1.6178014510646173,1.6178014510646173,2.1040900298890146,2.1040900298890146,2.1040900298890146,2.104090089007586,2.5935766659696786,2.5935766659696786,2.5933197897556703,1.62,1.62,2.106786706608527
0.002884015,1.1232049900295191,1.6178229964144144,1.6178229964144144,1.6178229964144144,2.10257353782429,2.10257353782429,2.10257353782429,2.1025735957869287,2.590457981702504,2.590457981702504,2.590792401953707,1.62,1.62,2.1052273859043877
0.00289964,1.1437776302426996,1.6178623774352912,1.6178623774352912,1.6178623774352912,2.082002941387308,2.082002941387308,2.082002941387308,2.0820029972046243,2.549157380339493,2.549157380339493,2.5500723171791253,1.62,1.62,2.084577125260344
0.002915265,1.1826512290570714,1.617919621538192,1.617919621538192,1.617919621538192,2.043171836309239,2.043171836309239,2.043171836309239,2.043171889048947,2.4712663012123204,2.4712663012123204,2.472724518341346,1.62,1.62,2.045631643273196
0.00293089,1.2383318958707632,1.6179909952726104,1.6179909952726104,1.6179909952726104,1.9875694106464663,1.9875694106464663,1.9875694106464663,1.987569459519328,2.359773752157828,2.359773752157828,2.361721291390268,1.62,1.62,1.9898854411896492
0.002946515,1.308679853884203,1.61807528221981,1.61807528221981,1.61807528221981,1.9173354849464732,1.9173354849464732,1.9173354849464732,1.9173355292876368,2.218968635690072,2.218968635690072,2.221328569558064,1.62,1.62,1.9194829679313208
0.00296214,1.3909916705225234,1.6181677239709005,1.6181677239709005,1.6181677239709005,1.835166068617998,1.835166068617998,1.835166068617998,1.835166107960411,2.054257684241537,2.054257684241537,2.0569414111934337,1.62,1.62,1.837127586010896
0.002977765,1.4821041488333122,1.6182662802762655,1.6182662802762655,1.6182662802762655,1.7442219083642796,1.7442219083642796,1.7442219083642796,1.7442219424099066,1.871974980851784,1.871974980851784,1.8748772727688523,1.62,1.62,1.7459863337707644
0.00299339,1.5785158873715526,1.6183656584787849,1.6183656584787849,1.6183656584787849,1.6479949245246697,1.6479949245246697,1.6479949245246697,1.647994953201542,1.6791211906050296,1.6791211906050296,1.6821326130579402,1.62,1.62,1.6495595395141545
0.003009015,1.676521837093546,1.6184635377327816,1.6184635377327816,1.6184635377327816,1.550186060174468,1.550186060174468,1.550186060174468,1.5501860835949908,1.483111938401394,1.483111938401394,1.486114660209032,1.62,1.62,1.5515550122212651
0.00302464,1.772355684313849,1.6185546653494087,1.6185546653494087,1.6185546653494087,1.4545510702815034,1.4545510702815034,1.4545510702815034,1.454551088781452,1.2914753639552314,1.2914753639552314,1.294356101403633,1.62,1.62,1.4557368175562593
0.003040265,1.86233458802802,1.6186370236808345,1.6186370236808345,1.6186370236808345,1.3647681201916946,1.3647681201916946,1.3647681201916946,1.364768134275142,1.111580344793211,1.111580344793211,1.1142262783994563,1.62,1.62,1.3657893911107202
0.00305589,1.9430007094270765,1.6187059702845972,1.6187059702845972,1.6187059702845972,1.2842845610615623,1.2842845610615623,1.2842845610615623,1.2842845714225253,0.9503357295426618,0.9503357295426618,0.9526472974916274,1.62,1.62,1.28516715362898
0.003071515,2.0112540947037347,1.6187603262117023,1.6187603262117023,1.6187603262117023,1.2161962698404998,1.2161962698404998,1.2161962698404998,1.2161962772964066,0.8139424805416086,0.8139424805416086,0.8158287252097737,1.62,1.62,1.2169705839482134
0.00308714,2.0644718045387536,1.6187965387609546,1.6187965387609546,1.6187965387609546,1.1631169113609998,1.1631169113609998,1.1631169113609998,1.163116916859979,0.7076376664179106,0.7076376664179106,0.7090282316938364,1.62,1.62,1.163818213922678
0.003102765,2.1006087121880075,1.6188146733901083,1.6188146733901083,1.6188146733901083,1.1270892074212384,1.1270892074212384,1.1270892074212384,1.127089211968144,0.6355109757492663,0.6355109757492663,0.6363502860614412,1.62,1.62,1.1277548867601297
0.00311839,2.118276096556348,1.6188125828272852,1.6188125828272852,1.6188125828272852,1.1094947793955026,1.1094947793955026,1.1094947793955026,1.1094947840496696,0.6003297167648618,0.6003297167648618,0.6005876609482753,1.62,1.62,1.1101642555454443
0.003134015,2.116795009970481,1.618791791111156,1.618791791111156,1.618791791111156,1.1110126563333145,1.1110126563333145,1.1110126563333145,1.1110126621326482,0.6034503729352744,0.6034503729352744,0.6031148892816391,1.62,1.62,1.111724562400655
0.00314964,2.0962223697573013,1.6187516601952086,1.6187516601952086,1.6187516601952086,1.131581630607666,1.131581630607666,1.131581630607666,1.1315816385627837,0.6447485052945847,0.6447485052945847,0.6438346417279682,1.62,1.62,1.132373588349064
0.003165265,2.0573487709429297,1.618695162757757,1.618695162757757,1.618695162757757,1.1704141066612015,1.1704141066612015,1.1704141066612015,1.1704141176837448,0.7226415716839575,0.7226415716839575,0.7211822857074376,1.62,1.62,1.1713200641559702
0.00318089,2.001668104129238,1.618623046055468,1.618623046055468,1.618623046055468,1.2260149240545914,1.2260149240545914,1.2260149240545914,1.2260149389538584,0.8341316362233215,0.8341316362233215,0.8321851758465282,1.62,1.62,1.2270650237989944
0.003196515,1.931320146115796,1.6185394988871225,1.6185394988871225,1.6185394988871225,1.2962502069954571,1.2962502069954571,1.2962502069954571,1.2962502264168256,0.974938755929478,0.974938755929478,0.9725777474881488,1.62,1.62,1.297468498854243
0.00321214,1.8490083294774755,1.6184463210142577,1.6184463210142577,1.6184463210142577,1.3784180287850958,1.3784180287850958,1.3784180287850958,1.3784180532145038,1.139647206728898,1.139647206728898,1.1369645644978748,1.62,1.62,1.3798226302781271
0.003227765,1.757895851166683,1.6183484976817395,1.6183484976817395,1.6183484976817395,1.46936353270611,1.46936353270611,1.46936353270611,1.4693635624232968,1.3219319299581744,1.3219319299581744,1.3190285574575504,1.62,1.62,1.4709648926047865
0.00324339,1.6614841126284423,1.6182483901234623,1.6182483901234623,1.6182483901234623,1.565588935577639,1.565588935577639,1.565588935577639,1.565588970672278,1.514783202793397,1.514783202793397,1.511772871212739,1.62,1.62,1.5673904279946034
0.003259015,1.563478162906449,1.618151237115878,1.618151237115878,1.618151237115878,1.6633991301809168,1.6633991301809168,1.6633991301809168,1.6633991705234927,1.7107944920714817,1.7107944920714817,1.707790683382087,1.62,1.62,1.6653959739804651
0.00327464,1.4676443156861494,1.6180593868304454,1.6180593868304454,1.6180593868304454,1.7590325525180857,1.7590325525180857,1.7590325525180857,1.7590325977893364,1.9024285317055007,1.9024285317055007,1.8995488915705656,1.62,1.62,1.7612129010894184
0.003290265,1.3776654119719791,1.61797774809756,1.61797774809756,1.61797774809756,1.84881681960377,1.84881681960377,1.84881681960377,1.8488168692837084,2.082325605818232,2.082325605818232,2.0796785787403573,1.62,1.62,1.8511613551550048
0.00330589,1.2969992905729226,1.6179080854338777,1.6179080854338777,1.6179080854338777,1.9292988244344815,1.9292988244344815,1.9292988244344815,1.929298877844404,2.2435676682106966,2.2435676682106966,2.241257204309928,1.62,1.62,1.9317823160688172
0.003321515,1.2287459052962642,1.6178544425350114,1.6178544425350114,1.6178544425350114,1.9973884195494749,1.9973884195494749,1.9973884195494749,1.9973884758572429,2.3799629906890005,2.3799629906890005,2.3780756456639365,1.62,1.62,1.9999799226217825
0.00333714,1.175528195461246,1.6178175204576477,1.6178175204576477,1.6178175204576477,2.0504662368315536,2.0504662368315536,2.0504662368315536,2.050466295103142,2.486265233254022,2.486265233254022,2.4848757790583225,1.62,1.62,2.0531310067401822
0.003352765,1.1393912878119925,1.6178000923630207,1.6178000923630207,1.6178000923630207,2.0864952317161163,2.0864952317161163,2.0864952317161163,2.0864952909331773,2.558394016584572,2.558394016584572,2.557553598731037,1.62,1.62,2.089195380356008
0.00336839,1.1217239034436526,1.6178014798534368,1.6178014798534368,1.6178014798534368,2.10408813149438,2.10408813149438,2.10408813149438,2.1040881906104625,2.593572684646321,2.593572684646321,2.593315858876289,1.62,1.62,2.106784715993011
0.003384015,1.1232049900295191,1.6178229716860033,1.6178229716860033,1.6178229716860033,2.102571532703754,2.102571532703754,2.102571532703754,2.102571590668681,2.590454140990714,2.590454140990714,2.5907885096154386,1.62,1.62,2.10522546550616
0.00339964,1.1437776302427007,1.6178624059101037,1.6178624059101037,1.6178624059101037,2.082001042981467,2.082001042981467,2.082001042981467,2.0820010987962765,2.549153397672635,2.549153397672635,2.550068387290841,1.62,1.62,2.084575133973398
0.003415265,1.182651229057073,1.6179195971205702,1.6179195971205702,1.6179195971205702,2.0431698324268144,2.0431698324268144,2.0431698324268144,2.0431698851688287,2.471262464327784,2.471262464327784,2.472720627480803,1.62,1.62,2.0456297247882014
0.00343089,1.2383318958707654,1.6179910234373789,1.6179910234373789,1.6179910234373789,1.9875675122366987,1.9875675122366987,1.9875675122366987,1.9875675611070347,2.3597697681121077,2.3597697681121077,2.361717362487743,1.62,1.62,1.9898834492136064
0.003446515,1.3086798538842055,1.6180752581090407,1.6180752581090407,1.6180752581090407,1.9173334822938668,1.9173334822938668,1.9173334822938668,1.917333526637355,2.2189648026662825,2.2189648026662825,2.2213246801784527,1.62,1.62,1.9194810513763767
0.00346214,1.3909916705225265,1.618167751829535,1.618167751829535,1.618167751829535,1.835164170212471,1.835164170212471,1.835164170212471,1.835164209552339,2.054253698782817,2.054253698782817,2.0569374832730296,1.62,1.62,1.837125593328651
0.003477765,1.4821041488333155,1.618266256468463,1.618266256468463,1.618266256468463,1.744219906934129,1.744219906934129,1.744219906934129,1.7442199409821009,1.8719711517249809,1.8719711517249809,1.874873384875636,1.62,1.62,1.7459844191639495
0.00349339,1.578515887371556,1.6183656860351472,1.6183656860351472,1.6183656860351472,1.6479930261306224,1.6479930261306224,1.6479930261306224,1.6479930548049295,1.679117203696233,1.679117203696233,1.6821286861137048,1.62,1.62,1.6495575461073309
0.003509015,1.6765218370935493,1.6184635142241106,1.6184635142241106,1.6184635142241106,1.5501840599584085,1.5501840599584085,1.5501840599584085,1.5501840833812963,1.4831081132064972,1.4831081132064972,1.4861107738057142,1.62,1.62,1.5515530995800009
0.00352464,1.772355684313849,1.618554692607309,1.618554692607309,1.618554692607309,1.4545491719064954,1.4545491719064954,1.4545491719064954,1.4545491904038583,1.2914713755596707,1.2914713755596707,1.2943521754305576,1.62,1.62,1.4557348234064569
0.003540265,1.8623345880280195,1.618637000467509,1.618637000467509,1.618637000467509,1.364766121182175,1.364766121182175,1.364766121182175,1.3647661352680087,1.111576523567245,1.111576523567245,1.114222393491075,1.62,1.62,1.3657874804535912
0.00355589,1.943000709427076,1.6187059972477975,1.6187059972477975,1.6187059972477975,1.2842826627127937,1.2842826627127937,1.2842826627127937,1.2842826730711498,0.9503317396222972,0.9503317396222972,0.9526433724839878,1.62,1.62,1.285165158717083
0.003571515,2.011254094703737,1.618760303289986,1.618760303289986,1.618760303289986,1.2161942720297625,1.2161942720297625,1.2161942720297625,1.216194279488077,0.8139386633222072,0.8139386633222072,0.8158248418013183,1.62,1.62,1.2169686752939564
0.00358714,2.064471804538755,1.6187965654331689,1.6187965654331689,1.6187965654331689,1.1631150130456511,1.1631150130456511,1.1631150130456511,1.1631150185420018,0.7076336749335286,0.7076336749335286,0.7090243076454082,1.62,1.62,1.163816218229188
0.003602765,2.1006087121880084,1.618814650756312,1.618814650756312,1.618814650756312,1.1270872108016567,1.1270872108016567,1.1270872108016567,1.1270872153509923,0.6355071625749499,0.6355071625749499,0.6363464041580927,1.62,1.62,1.1277529801279829
0.00361839,2.118276096556348,1.6188126092121768,1.6188126092121768,1.6188126092121768,1.1094928811208489,1.1094928811208489,1.1094928811208489,1.1094928857723645,0.6003257236767592,0.6003257236767592,0.6005837378530381,1.62,1.62,1.110162259050585
0.003634015,2.116795009970481,1.618791768761639,1.618791768761639,1.618791768761639,1.111010660897509,1.111010660897509,1.111010660897509,1.1110106666992965,0.6034465638456765,0.6034465638456765,0.6031110088889925,1.62,1.62,1.1117226578104793
0.00364964,2.0962223697573004,1.6187516862963962,1.6187516862963962,1.6187516862963962,1.1315797323807366,1.1315797323807366,1.1315797323807366,1.131579740333179,0.6447445105621199,0.6447445105621199,0.6438307195796825,1.62,1.62,1.1323715910324323
0.003665265,2.0573487709429283,1.6186951406889258,1.6186951406889258,1.6186951406889258,1.170412112401812,1.170412112401812,1.170412112401812,1.170412123426832,0.72263776671976,0.72263776671976,0.7211784068313997,1.62,1.62,1.1713181616280293
0.00368089,2.001668104129236,1.618623071876523,1.618623071876523,1.618623071876523,1.2260130258822837,1.2260130258822837,1.2260130258822837,1.2260130407788516,0.8341276398045816,0.8341276398045816,0.832181254638444,1.62,1.62,1.2270630256396646
0.003696515,1.931320146115796,1.6185394770954282,1.6185394770954282,1.6185394770954282,1.296248213905026,1.296248213905026,1.296248213905026,1.2962482333288965,0.9749349551317246,0.9749349551317246,0.9725738701342244,1.62,1.62,1.2974665984091005
0.00371214,1.8490083294774755,1.6184463465587051,1.6184463465587051,1.6184463465587051,1.378416130674061,1.378416130674061,1.378416130674061,1.378416155100745,1.1396432085807566,1.1396432085807566,1.1369606442227949,1.62,1.62,1.3798206312545285
0.003727765,1.7578958511666831,1.6183484761636813,1.6183484761636813,1.6183484761636813,1.46936154077754,1.46936154077754,1.46936154077754,1.4693615704972545,1.3219281333697388,1.3219281333697388,1.3190246816322633,1.62,1.62,1.4709629942637712
0.00374339,1.6614841126284423,1.6182484153947825,1.6182484153947825,1.6182484153947825,1.5655870375350798,1.5655870375350798,1.5655870375350798,1.565587072626969,1.5147792028729998,1.5147792028729998,1.5117689518645463,1.62,1.62,1.5673884280853077
0.003759015,1.5634781629064491,1.6181512158679985,1.6181512158679985,1.6181512158679985,1.6633971394072424,1.6633971394072424,1.6633971394072424,1.663397179752372,1.710790699735881,1.710790699735881,1.707786809091833,1.62,1.62,1.6653940777654477
0.00377464,1.4676443156861465,1.6180594118320717,1.6180594118320717,1.6180594118320717,1.7590306545503902,1.7590306545503902,1.7590306545503902,1.7590306998188645,1.9024245299672584,1.9024245299672584,1.899544973141235,1.62,1.62,1.7612109002717646
0.003790265,1.377665411971976,1.6179777271164473,1.6179777271164473,1.6179777271164473,1.8488148299777012,1.8488148299777012,1.8488148299777012,1.8488148796602204,2.08232181777955,2.08232181777955,2.0796747059912235,1.62,1.62,1.8511594610879567
0.00380589,1.2969992905729202,1.617908110169202,1.617908110169202,1.617908110169202,1.9292969265481357,1.9292969265481357,1.9292969265481357,1.9292969799552533,2.243563664608731,2.243563664608731,2.2412532867919936,1.62,1.62,1.9317803143198136
0.003821515,1.228745905296262,1.6178544218172972,1.6178544218172972,1.6178544218172972,1.997386431063968,1.997386431063968,1.997386431063968,1.9973864873743443,2.3799592069928046,2.3799592069928046,2.378071774462641,1.62,1.62,1.9999780307253532
0.00383714,1.1755281954612444,1.6178175449300154,1.6178175449300154,1.6178175449300154,2.050464339033024,2.050464339033024,2.050464339033024,2.050464397301781,2.4862612277411515,2.4862612277411515,2.4848718624438995,1.62,1.62,2.0531290040363803
0.003852765,1.1393912878119914,1.6178000719053816,1.6178000719053816,1.6178000719053816,2.086493244364484,2.086493244364484,2.086493244364484,2.086493303584182,2.558390237277273,2.558390237277273,2.5575497290842493,1.62,1.62,2.08919349065365
0.00386839,1.1217239034436524,1.617801504066152,1.617801504066152,1.617801504066152,2.1040862337901176,2.1040862337901176,2.1040862337901176,2.1040862929033386,2.593568677175306,2.593568677175306,2.5933119431583016,1.62,1.62,2.106782712310498
0.003884015,1.1232049900295196,1.617822951485156,1.617822951485156,1.617822951485156,2.102569546479214,2.102569546479214,2.102569546479214,2.1025696044468067,2.5904503661206,2.5904503661206,2.5907846415308287,1.62,1.62,2.105223578021679
0.00389964,1.1437776302427007,1.6178624298664277,1.6178624298664277,1.6178624298664277,2.0819991453779045,2.0819991453779045,2.0819991453779045,2.081999201189824,2.549149388194261,2.549149388194261,2.5500644724611763,1.62,1.62,2.0845731292877865
0.003915265,1.182651229057073,1.6179195771732753,1.6179195771732753,1.6179195771732753,2.0431678473228256,2.0431678473228256,2.0431678473228256,2.043167900067537,2.471258693943297,2.471258693943297,2.472716760965253,1.62,1.62,2.0456278395461123
0.00393089,1.2383318958707654,1.6179910471405294,1.6179910471405294,1.6179910471405294,1.987565614740255,1.987565614740255,1.987565614740255,1.9875656636076695,2.3597657565767687,2.3597657565767687,2.3617134485388003,1.62,1.62,1.989881443500026
0.003946515,1.3086798538842055,1.6180752384121015,1.6180752384121015,1.6180752384121015,1.9173314983039087,1.9173314983039087,1.9173314983039087,1.917331542650125,2.218961036817844,2.218961036817844,2.2213208152399013,1.62,1.62,1.9194791684016836
0.00396214,1.3909916705225265,1.61816777528269,1.61816777528269,1.61816777528269,1.8351622728290915,1.8351622728290915,1.8351622728290915,1.8351623121660063,2.054249685138605,2.054249685138605,2.056933570195899,1.62,1.62,1.8371235865612765
0.003977765,1.482104148833315,1.6182662370187224,1.6182662370187224,1.6182662370187224,1.7442179240515807,1.7442179240515807,1.7442179240515807,1.7442179581023125,1.871967390463268,1.871967390463268,1.874869521521268,1.62,1.62,1.7459825384820449
0.00399339,1.578515887371556,1.6183657092414427,1.6183657092414427,1.6183657092414427,1.647991128866578,1.647991128866578,1.647991128866578,1.6479911575379005,1.6791131878914214,1.6791131878914214,1.6821247739006129,1.62,1.62,1.6495555382601748
0.004009015,1.6765218370935528,1.6184634950184535,1.6184634950184535,1.6184634950184535,1.5501820781770066,1.5501820781770066,1.5501820781770066,1.550182101602687,1.483104356584047,1.483104356584047,1.4861069120436274,1.62,1.62,1.5515512212171283
0.00402464,1.7723556843138524,1.618554715569841,1.618554715569841,1.618554715569841,1.454547274767814,1.454547274767814,1.454547274767814,1.4545472932621586,1.291467357540631,1.291467357540631,1.2943482640728283,1.62,1.62,1.4557328144527868
0.004040265,1.8623345880280229,1.6186369815028592,1.6186369815028592,1.6186369815028592,1.3647641404957864,1.3647641404957864,1.3647641404957864,1.3647641545844464,1.1115727716379822,1.1115727716379822,1.1142185333297157,1.62,1.62,1.3657856044366337
0.00405589,1.9430007094270787,1.6187060199696215,1.6187060199696215,1.6187060199696215,1.2842807657057145,1.2842807657057145,1.2842807657057145,1.2842807760610184,0.950327719334638,0.950327719334638,0.952639461973226,1.62,1.62,1.2851631486298656
0.004071515,2.011254094703737,1.6187602845633082,1.6187602845633082,1.6187602845633082,1.2161922924320416,1.2161922924320416,1.2161922924320416,1.2161922998932173,0.8139349161404257,0.8139349161404257,0.8158209832484873,1.62,1.62,1.2169668016501014
0.00408714,2.064471804538755,1.6187965879173014,1.6187965879173014,1.6187965879173014,1.1631131161758292,1.1631131161758292,1.1631131161758292,1.1631131216690924,0.7076296523212953,0.7076296523212953,0.7090203979726655,1.62,1.62,1.1638142069802813
0.004102765,2.1006087121880093,1.6188146322646095,1.6188146322646095,1.6188146322646095,1.127085232286502,1.127085232286502,1.127085232286502,1.1270852368387343,0.6355034201966134,0.6355034201966134,0.6363425472222148,1.62,1.62,1.1277511088851897
0.00411839,2.118276096556348,1.618812631461596,1.618812631461596,1.618812631461596,1.109490984394038,1.109490984394038,1.109490984394038,1.10949098904243,0.6003216986827301,0.6003216986827301,0.6005798290091711,1.62,1.62,1.1101602466114104
0.004134015,2.1167950099704806,1.6187917505019538,1.6187917505019538,1.6187917505019538,1.1110086834586057,1.1110086834586057,1.1110086834586057,1.1110086892633262,0.6034428263273356,0.6034428263273356,0.6031071535780151,1.62,1.62,1.1117207889970362
0.00414964,2.096222369757299,1.6187517083140417,1.6187517083140417,1.6187517083140417,1.1315778358023345,1.1315778358023345,1.1315778358023345,1.1315778437516164,0.6447404831271819,0.6447404831271819,0.6438268115547304,1.62,1.62,1.1323695773735072
0.004165265,2.0573487709429266,1.6186951226583377,1.6186951226583377,1.6186951226583377,1.1704101360329735,1.1704101360329735,1.1704101360329735,1.170410147060965,0.7226340341195086,0.7226340341195086,0.721174553153702,1.62,1.62,1.1713162952729077
0.00418089,2.0016681041292337,1.6186230936652954,1.6186230936652954,1.6186230936652954,1.2260111294581273,1.2260111294581273,1.2260111294581273,1.2260111443514967,0.8341236098694954,0.8341236098694954,0.8321773474234154,1.62,1.62,1.227061010731389
0.004196515,1.9313201461157932,1.6185394592910547,1.6185394592910547,1.6185394592910547,1.296246238600651,1.296246238600651,1.296246238600651,1.296246258027531,0.9749312275097146,0.9749312275097146,0.972570018099148,1.62,1.62,1.29746473454242
0.00421214,1.8490083294774724,1.618446368121469,1.618446368121469,1.618446368121469,1.3784142344097454,1.3784142344097454,1.3784142344097454,1.3784142588331922,1.1396391760847442,1.1396391760847442,1.1369567378082968,1.62,1.62,1.3798186150664868
0.004227765,1.7578958511666831,1.618348458582678,1.618348458582678,1.618348458582678,1.4693595665314718,1.4693595665314718,1.4693595665314718,1.469359596254235,1.321924410786413,1.321924410786413,1.3190208312483165,1.62,1.62,1.4709611329156749
0.00424339,1.6614841126284423,1.6182484367343648,1.6182484367343648,1.6182484367343648,1.565585141435731,1.565585141435731,1.565585141435731,1.565585176524343,1.514775167753006,1.514775167753006,1.5117650462400425,1.62,1.62,1.5673864105860318
0.004259015,1.5634781629064491,1.6181511985075565,1.6181511985075565,1.6181511985075565,1.6633951662135666,1.6633951662135666,1.6633951662135666,1.6633952065617854,1.7107869822531565,1.7107869822531565,1.70778296036782,1.62,1.62,1.6653922189669108
0.00427464,1.4676443156861465,1.618059432951264,1.618059432951264,1.618059432951264,1.759028758621461,1.759028758621461,1.759028758621461,1.7590288038866173,1.90242049216,1.90242049216,1.899541068297119,1.62,1.62,1.7612088814295166
0.004290265,1.3776654119719762,1.6179777099737942,1.6179777099737942,1.6179777099737942,1.8488128578307448,1.8488128578307448,1.8488128578307448,1.8488129075163948,2.08231810546122,2.08231810546122,2.0796708589366744,1.62,1.62,1.8511576048708
0.00430589,1.2969992905729202,1.6179081310707577,1.6179081310707577,1.6179081310707577,1.9292950307950631,1.9292950307950631,1.9292950307950631,1.9292950841988212,2.2435596240490567,2.2435596240490567,2.241249382717987,1.62,1.62,1.931778294102231
0.004321515,1.2287459052962622,1.6178544048896977,1.6178544048896977,1.6178544048896977,1.9973844599580728,1.9973844599580728,1.9973844599580728,1.9973845162716224,2.3799554999035606,2.3799554999035606,2.378067929086777,1.62,1.62,1.999976177122027
0.00433714,1.1755281954612444,1.6178175656166542,1.6178175656166542,1.6178175656166542,2.050462443461006,2.050462443461006,2.050462443461006,2.05046250172636,2.486257184362781,2.486257184362781,2.484867959129788,1.62,1.62,2.0531269824102374
0.004352765,1.1393912878119914,1.6178000551901324,1.6178000551901324,1.6178000551901324,2.0864912742943464,2.0864912742943464,2.0864912742943464,2.086491333517261,2.5583865354842943,2.5583865354842943,2.557545885397548,1.62,1.62,2.0891916396975905
0.00436839,1.1217239034436524,1.6178015245405577,1.6178015245405577,1.6178015245405577,2.104084338404678,2.104084338404678,2.104084338404678,2.1040843975144523,2.5935646309110694,2.5935646309110694,2.5933080405942395,1.62,1.62,2.10678068924226
0.004384015,1.1232049900295191,1.6178229349795916,1.6178229349795916,1.6178229349795916,2.1025675774393164,2.1025675774393164,2.1025675774393164,2.1025676354101708,2.590446669691395,2.590446669691395,2.590780799542878,1.62,1.62,2.10522172974675
0.00439964,1.1437776302427003,1.61786245013125,1.61786245013125,1.61786245013125,2.081997250183986,2.081997250183986,2.081997250183986,2.081997305992413,2.549145338974728,2.549145338974728,2.550060570636283,1.62,1.62,2.084571104742686
0.004415265,1.1826512290570728,1.6179195608747643,1.6179195608747643,1.6179195608747643,2.0431658793074376,2.0431658793074376,2.0431658793074376,2.043165932055455,2.4712550029468296,2.4712550029468296,2.4727129206858334,1.62,1.62,2.045625993986619
0.00443089,1.2383318958707676,1.6179910671983846,1.6179910671983846,1.6179910671983846,1.987563719742785,1.987563719742785,1.987563719742785,1.9875637686066616,2.359761704330828,2.359761704330828,2.361709547441793,1.62,1.62,1.989879417442619
0.004446515,1.3086798538842082,1.6180752223180446,1.6180752223180446,1.6180752223180446,1.9173295313078804,1.9173295313078804,1.9173295313078804,1.91732957565745,2.2189573513249816,2.2189573513249816,2.2213169766793857,1.62,1.62,1.919477325593188
0.00446214,1.3909916705225291,1.6181677951361595,1.6181677951361595,1.6181677951361595,1.8351603780328725,1.8351603780328725,1.8351603780328725,1.8351604173662024,2.054245629793816,2.054245629793816,2.056929669815496,1.62,1.62,1.837121558955314
0.004477765,1.4821041488333186,1.618266221126556,1.618266221126556,1.618266221126556,1.7442159580689802,1.7442159580689802,1.7442159580689802,1.7442159921231135,1.871963710545078,1.871963710545078,1.8748656846889356,1.62,1.62,1.7459806984600073
0.00449339,1.5785158873715597,1.6183657288930755,1.6183657288930755,1.6183657288930755,1.647989234276398,1.647989234276398,1.647989234276398,1.6479892629440864,1.6791091293737734,1.6791091293737734,1.6821208742252332,1.62,1.62,1.6495535090687028
0.004509015,1.6765218370935526,1.618463479325645,1.618463479325645,1.618463479325645,1.550180113202825,1.550180113202825,1.550180113202825,1.550180136631956,1.4831006823148014,1.4831006823148014,1.4861030769506232,1.62,1.62,1.5515493840186334
0.00452464,1.7723556843138522,1.618554735022153,1.618554735022153,1.618554735022153,1.454545380388562,1.454545380388562,1.454545380388562,1.4545453988792236,1.291463295774965,1.291463295774965,1.2943443650911288,1.62,1.62,1.4557307836382447
0.004540265,1.8623345880280224,1.61863696600691,1.61863696600691,1.61863696600691,1.3647621765248,1.3647621765248,1.3647621765248,1.3647621906169605,1.111569103092765,1.111569103092765,1.114214699986635,1.62,1.62,1.3657837700992652
0.00455589,1.9430007094270785,1.6187060392250952,1.6187060392250952,1.6187060392250952,1.2842788715422668,1.2842788715422668,1.2842788715422668,1.2842788818938369,0.950323654244525,0.950323654244525,0.9526355636739376,1.62,1.62,1.2851611161539591
0.004571515,2.011254094703737,1.6187602692617509,1.6187602692617509,1.6187602692617509,1.2161903294592662,1.2161903294592662,1.2161903294592662,1.216190336923994,0.8139312533965516,0.8139312533965516,0.8158171516667866,1.62,1.62,1.2169649702124128
0.00458714,2.064471804538755,1.6187966069783883,1.6187966069783883,1.6187966069783883,1.1631112222329365,1.1631112222329365,1.1631112222329365,1.1631112277224136,0.7076255838281404,0.7076255838281404,0.7090165003437712,1.62,1.62,1.1638121728038524
0.004602765,2.1006087121880093,1.6188146171550086,1.6188146171550086,1.6188146171550086,1.1270832703069664,1.1270832703069664,1.1270832703069664,1.1270832748628037,0.635499763332651,0.635499763332651,0.6363387174131707,1.62,1.62,1.127749280386491
0.00461839,2.118276096556348,1.6188126503307163,1.6188126503307163,1.6188126503307163,1.109489090676437,1.109489090676437,1.109489090676437,1.1094890953209904,0.6003176267067406,0.6003176267067406,0.6005759320388782,1.62,1.62,1.1101582106945362
0.004634015,2.1167950099704806,1.618791735581906,1.618791735581906,1.618791735581906,1.111006722467465,1.111006722467465,1.111006722467465,1.1110067282758436,0.6034391754238446,0.6034391754238446,0.6031033255534624,1.62,1.62,1.1117189634775262
0.00464964,2.096222369757299,1.6187517269935834,1.6187517269935834,1.6187517269935834,1.1315759423149785,1.1315759423149785,1.1315759423149785,1.131575950260367,0.6447364075873699,0.6447364075873699,0.6438229152314935,1.62,1.62,1.1323675396757116
0.004665265,2.0573487709429266,1.6186951079254697,1.6186951079254697,1.6186951079254697,1.170408176025282,1.170408176025282,1.170408176025282,1.1704081870569862,0.7226303892580775,0.7226303892580775,0.7211707269250814,1.62,1.62,1.1713144727734563
0.00468089,2.0016681041292337,1.6186231121576178,1.6186231121576178,1.6186231121576178,1.2260092362049333,1.2260092362049333,1.2260092362049333,1.226009251094354,0.8341195306811859,0.8341195306811859,0.8321734517334802,1.62,1.62,1.2270589712103752
0.004696515,1.9313201461157932,1.618539444743025,1.618539444743025,1.618539444743025,1.2962442795710185,1.2962442795710185,1.2962442795710185,1.2962442990016676,0.9749275887729946,0.9749275887729946,0.972566193677431,1.62,1.62,1.2974629151042485
0.00471214,1.8490083294774728,1.6184463864288985,1.6184463864288985,1.6184463864288985,1.3784123413953009,1.3784123413953009,1.3784123413953009,1.3784123658147418,1.139635093163041,1.139635093163041,1.1369528427391666,1.62,1.62,1.3798165736798296
0.004727765,1.7578958511666831,1.6183484442171734,1.6183484442171734,1.6183484442171734,1.4693576084754307,1.4693576084754307,1.4693576084754307,1.4693576382020208,1.3219207782602287,1.3219207782602287,1.3190170086461568,1.62,1.62,1.4709593165817345
0.00474339,1.6614841126284428,1.6182484548591998,1.6182484548591998,1.6182484548591998,1.565583248664384,1.565583248664384,1.565583248664384,1.5655832837489323,1.5147710810108188,1.5147710810108188,1.5117611517785892,1.62,1.62,1.567384367290248
0.004759015,1.5634781629064494,1.618151184322295,1.618151184322295,1.618151184322295,1.6633932091260923,1.6633932091260923,1.6633932091260923,1.663393249478197,1.7107833560241066,1.7107833560241066,1.7077791395970878,1.62,1.62,1.665390405780422
0.00477464,1.4676443156861465,1.618059450895772,1.618059450895772,1.618059450895772,1.759026866097548,1.759026866097548,1.759026866097548,1.7590269113585812,1.9024164015085516,1.9024164015085516,1.899537174430065,1.62,1.62,1.7612068361802775
0.004790265,1.3776654119719762,1.6179776959665235,1.6179776959665235,1.6179776959665235,1.84881090170728,1.84881090170728,1.84881090170728,1.848810951396876,2.082314485618436,2.082314485618436,2.0796670400101998,1.62,1.62,1.851155794876293
0.00480589,1.2969992905729204,1.6179081488371785,1.6179081488371785,1.6179081488371785,1.929293138522796,1.929293138522796,1.929293138522796,1.9292931919223704,2.2435555293981224,2.2435555293981224,2.241245489432207,1.62,1.62,1.9317762468542312
0.004821515,1.2287459052962622,1.6178543910581926,1.6178543910581926,1.6178543910581926,1.9973825047940696,1.9973825047940696,1.9973825047940696,1.997382561111627,2.3799518865376807,2.3799518865376807,2.378064112017305,1.62,1.62,1.9999743703649044
0.00483714,1.1755281954612444,1.617817583207197,1.617817583207197,1.617817583207197,2.050460551444925,2.050460551444925,2.050460551444925,2.050460609706034,2.486253085620401,2.486253085620401,2.484864066412012,1.62,1.62,2.0531249331176347
0.004852765,1.1393912878119914,1.617800041532198,1.617800041532198,1.617800041532198,2.0864893200851564,2.0864893200851564,2.0864893200851564,2.086489379312141,2.558382928688027,2.558382928688027,2.557542070198285,1.62,1.62,2.0891898362240258
0.00486839,1.1217239034436524,1.6178015419574048,1.6178015419574048,1.6178015419574048,2.104082446648745,2.104082446648745,2.104082446648745,2.10408250575421,2.5935605279823166,2.5935605279823166,2.593304148429894,1.62,1.62,2.1067786378577416
0.004884015,1.1232049900295191,1.6178229214930608,1.6178229214930608,1.6178229214930608,2.102565624180302,2.102565624180302,2.102565624180302,2.1025656821552907,2.590443069558708,2.590443069558708,2.590776986226599,1.62,1.62,2.10521992960383
0.00489964,1.1437776302427003,1.6178624673765545,1.6178624673765545,1.6178624673765545,2.0819953586922644,2.0819953586922644,2.0819953586922644,2.0819954144963173,2.549141231763524,2.549141231763524,2.5500566790113077,1.62,1.62,2.084569051218139
0.004915265,1.1826512290570728,1.6179195475574977,1.6179195475574977,1.6179195475574977,2.043163926994199,2.043163926994199,2.043163926994199,2.0431639797464167,2.471251409574204,2.471251409574204,2.472709109266153,1.62,1.62,2.0456241972225784
0.00493089,1.2383318958707674,1.6179910842742726,1.6179910842742726,1.6179910842742726,1.9875618285192145,1.9875618285192145,1.9875618285192145,1.9875618773786503,2.3597575927388155,2.3597575927388155,2.361705656341563,1.62,1.62,1.9898773617288823
0.004946515,1.3086798538842082,1.61807520916793,1.61807520916793,1.61807520916793,1.9173275799358025,1.9173275799358025,1.9173275799358025,1.9173276242896395,2.218953764810604,2.218953764810604,2.221313167169892,1.62,1.62,1.9194755322569796
0.00496214,1.3909916705225291,1.61816781204473,1.61816781204473,1.61816781204473,1.835158487081608,1.835158487081608,1.835158487081608,1.835158526410429,2.054241513721046,2.054241513721046,2.0569257792255216,1.62,1.62,1.8371195010024983
0.004977765,1.482104148833322,1.618266208141509,1.618266208141509,1.618266208141509,1.7442140076340251,1.7442140076340251,1.7442140076340251,1.7442140416924945,1.8719601309898597,1.8719601309898597,1.8748618771041885,1.62,1.62,1.7459789086021174
0.00499339,1.5785158873715628,1.6183657456364,1.6183657456364,1.6183657456364,1.6479873436015853,1.6479873436015853,1.6479873436015853,1.6479873722646965,1.6791050087186,1.6791050087186,1.6821169841311077,1.62,1.62,1.6495514488259493
0.005,1.6199999999999988,1.6184071824090505,1.6184071824090505,1.6184071824090505,1.6065847816513024,1.6065847816513024,1.6065847816513024,1.6065848081167708,1.596136181413439,1.596136181413439,1.5991420829340264,1.62,1.62,1.608067076492254
